user_id,item_id,book_title,timestamp
15575694,7664,A New Collection of Three Complete Novels: Congo / Sphere / Eaters of the Dead,25833
15642885,34714,The Aviator: A Screenplay,13722
15595917,43776,The Just-So Woman,24291
15801658,65788,"Anne of the Island (Anne of Green Gables, #3)",17492
15672330,15524,Alien Plot,22227
15678168,97972,Fire Department Strategic Planning: Creating Future Excellence,44898
15652400,19553,"Webster's New World Italian Dictionary, Concise Edition",42690
15613014,19742,Corvette: America's Sports Car,34776
15811613,28674,"Grand Conspiracy (Wars of Light & Shadow #5; Arc 3 - Alliance of Light, #2)",30626
15694395,83496,Flashback,11074
15809347,90765,Faith-Based Diplomacy: Trumping Realpolitik,30676
15732987,96674,Shelf Life: Stories by the Book,24694
15577178,7426,"Black Southerners, 1619-1869",32024
15791174,40715,"Blowback, 9/11, and Cover-Ups",23810
15794661,11666,Rabbit at Rest (Rabbit Angstrom #4),27894
15612465,48291,Out of Africa,33409
15713144,33623,"Death on the Fourth of July: The Story of a Killing, a Trial, and Hate Crime in America",46310
15724150,71181,El Estilo de Juan Rulfo: Estudio Linguistico,22450
15785170,74034,Amusing Ourselves to Death: Public Discourse in the Age of Show Business,34681
15697574,62192,Ripper Notes: How the Newspapers Covered the Jack the Ripper Murders,23524
15724858,7999,"Marlfox (Redwall, #11)",13807
15595917,19485,The Book of Illusions,49133
15673619,46927,Care Packages: Letters to Christopher Reeve from Strangers and Other Friends,35428
15726358,83755,On the Shoulders of Giants: My Journey Through the Harlem Renaissance,22388
15570769,38501,Ham on Rye,35512
15591433,20251,The Race for God,47069
15779744,71064,Le Petit Prince et son jardin,38365
15706071,40906,The Work of Jack Vance: An Annotated Bibliography and Guide,21932
15814004,78079,"Produce Pete's ""Farmacopeia""",38400
15736760,64561,The White Mercedes,46529
15594577,10,"Harry Potter Collection (Harry Potter, #1-6)",32420
15730688,78612,Chain of Command: The Road from 9/11 to Abu Ghraib,13801
15689237,70605,Net Value: Valuing Dot-Com Companies--Uncovering the Reality Behind the Hype,48676
15600575,27976,"African Oral Literature: Backgrounds, Character, and Continuity",45340
15672330,25615,Four Baboons Adoring the Sun and Other Plays,14107
15793813,50822,Charles Dickens (Bloom's Modern Critical Views),26193
15724858,22943,Divine Intervention,49289
15736397,72800,Fry's Instant Word Puzzles and Activities,48821
15729908,75961,Gothic Horror 3: the Complete Purcell Papers : The Essential Library Edition (Essential Library),38808
15636023,55591,The Ancestry Family Historian's Address Book,45599
15642885,2049,"The High Window (Philip Marlowe, #3)",11527
15810075,617,Vice Cream: Over 70 Sinfully Delicious Dairy-Free Delights,28259
15766289,58202,Isabelle Bruges,49076
15599533,79484,Through a Glass Darkly (Tamworth Saga #2),14484
15794566,10767,Merde!: The Real French You Were Never Taught at School,46689
15591433,39366,"The Georgian Regime Crisis of 2003-2004. a Case Study in Post-Soviet Media Representation of Politics, Crime and Corruption",45940
15728773,22716,Sushi for Beginners,18161
15724536,30218,A Cast of Killers,12860
15705298,35481,"1635: The Cannon Law (Assiti Shards, #8)",11789
15592877,29426,Masterfulness And Physical Vigor And Curing The Curse Of Indecision,45575
15806901,39768,"Hush, Don't Say Anything to God: Passionate Poems of Rumi",48269
15791373,88068,Filthy Phil,34155
15724150,55546,"Remnant (Force Heretic, #1) (Star Wars: The New Jedi Order, #15)",13104
15697997,97507,"Trammell Crow, Master Builder: The Story of America's Largest Real Estate Empire",38368
15637593,6167,Music & Silence,18671
15685576,89354,"Blue Skies (Kendrick/Coulter/Harrigan, #4)",37809
15611191,6524,How to Write a Damn Good Novel: A Step-by-Step No Nonsense Guide to Dramatic Storytelling,20793
15733973,68199,Untold Stories: Memories and Lives of Victorian Kooris,45076
15636023,39574,Analytical Engine: An Introduction to Computer Science Using HyperCard 2.1: An Introduction to Computer Science Using HyperCard 2.1,18072
15689425,5408,Stand for Something: The Battle for America's Soul,17579
15592570,91588,The Life and Times of Frederick Douglass,49371
15735878,2274,Where Cross the Crowded Ways: Prayers of a City Pastor,25021
15649487,61086,"Have Some Sand: The Gritty Side Of Love: John Margolies, Emily Gwathmey",11956
15757837,1304,The Exp 48 Laws of Power,34505
15695679,98181,Three Children's Plays,33452
15726358,9229,The World of Ballet,43744
15764419,98805,Subterranean Worlds Inside Earth,17009
15721007,71927,"Egidio, el granjero de Ham, Hoja de Niggle & El herrero de Wootton Mayor",37070
15678201,67740,Peter Ackroyd,30815
15724402,66660,Harry Keogh: Necroscope and Other Weird Heroes!,13694
15680752,64461,Contact Mechanics,29700
15727696,55419,Victory in Europe: D-Day to V-E Day,28116
15684801,78188,The Double,11298
15668385,79784,The Mestizo Mind: The Intellectual Dynamics of Colonization and Globalization,10058
15665760,26983,Jump at de Sun: The Story of Zora Neale Hurston,44142
15663939,84165,CCNA: Cisco Certified Network Associate Study Guide [Exam 640-801],49597
15649136,80497,Carols for Two: 7 Duets on Traditional Carols for Advent and Christmas,16900
15729054,8232,The Great Debate,49083
15773447,41452,Inclusive Teaching: Creating Effective Schools for All Learners,48022
15673619,89234,The Power of Images in the Age of Augustus,44378
15576219,23650,Evocation of Virgil in Tolkien's Art,41168
15680243,92160,London,20735
15792008,72521,"The Mark of a Murderer (Matthew Bartholomew, #11)",35365
15614420,56930,The Igloo,10683
15726358,57650,Past Imperfect,13335
15709441,5693,Selected Stories of Anton Chekhov,25347
15613014,82168,Student Planner & Study Guide For Science Success,10529
15639277,40947,Science and Technology in World History: An Introduction,42017
15619465,87428,"The Revolt (Virtual War Chronologs, #3)",18857
15759684,42712,Mad Weekend,18698
15697997,37410,Toni Morrison,40267
15727467,59706,Top 10: The Forty-Niners,35963
15660200,29035,Twelve Extraordinary Women Workbook: How God Shaped Women of the Bible and What He Wants to Do With You,19607
15623502,82867,Sacco and Vanzetti: The Anarchist Background,37703
15694453,14347,Trece sentidos,43771
15589449,53060,Death in Venice,20704
15631912,61780,"La extraccion de la piedra de la locura, o, el inventor del garrote",31688
15792008,39471,Hieroglyphics,12572
15811613,51948,Fade,43709
15610801,33292,How to Win Friends and Influence People for Teen Girls,13602
15670619,5204,We Were the Mulvaneys,27272
15596984,91252,Ramona Memories: Tourism and the Shaping of Southern California,33705
15669656,8965,The Vampire's Assistant (Cirque du Freak #2),19525
15793813,7924,"All-of-a-Kind Family Uptown (All-of-a-Kind-Family, #4)",44869
15776733,70098,Under the Boardwalk in Quebec City,26387
15728773,43119,"The Mechanics of Baltimore: Workers and Politics in the Age of Revolution, 1763-1812",16436
15569641,79936,"The Complete Poems and Plays, 1909-1950",38389
15591279,1747,The Future of Investment Management,12610
15660866,14617,Twenty Years After,25301
15709183,33587,Growth and Crisis in Post-War Capitalism,30533
15682268,1620,The Night Gardener,45610
15789815,53985,Novels II of Samuel Beckett: Volume II of The Grove Centenary Editions,48636
15694395,4620,Geisha,45553
15753874,46043,"The Diary of Anaïs Nin, Vol. 7: 1966-1974",11406
15724858,43093,Bandits,12723
15762228,92946,Tuff Stuff Standard Catalog of Basketball Cards,31770
15724858,90857,What God Has Always Wanted: The Bible's Big Idea from Genesis Through Revelation,48016
15662067,24524,The Final Unfinished Voyage of Jack Aubrey (Aubrey & Maturin #21),40481
15646091,32207,Expectant Fathers Handbk,40311
15717560,92817,Happy to Be Nappy,48580
15715541,72168,"Considering Maus: Approaches to Art Spiegelman's ""Survivor's Tale"" of the Holocaust",29365
15779529,22125,"Collapse of the Bronze Age: The Story of Greece, Troy, Israel, Egypt, and the Peoples of the Sea",12476
15684861,37943,Ethics and Librarianship,34456
15624755,70092,Under the Boardwalk,27589
15587177,14949,Women And Autobiography In The Twentieth Century: Remembered Futures,10944
15610403,11983,Les jeux sont faits. Texte et documents.,40689
15685536,16899,Meditations of Henry David Thoreau: A Light in the Woods,29336
15806901,3568,Winds of Change (The Story Girl #8),38663
15720745,73091,Passing Through Paradise,32217
15600379,32487,Shakespeare After All,14753
15680587,39779,"Jenna's Dilemma (Camp Confidential, #2)",49671
15709476,1581,Aristophanes,40109
15782530,20019,Killing Time,21578
15593715,75732,The Time of Tea,42209
15570932,34085,Waste Land: Meditations an a Ravaged Landscape,48351
15579781,77060,Decider,19656
15688172,39781,"Freaky Tuesday (Camp Confidential, #17)",31544
15672330,4183,Money and Employment,22259
15697020,85647,The Hymnal 1982 Companion: Four Volumes,40310
15595917,71933,P.P.P. Pier Paolo Pasolini: Pier Paolo Pasolini and Death,14752
15573452,278,The War,13361
15717893,80932,Orson Welles: The Rise and Fall of an American Genius,44102
15631912,31267,"The Arctic Event (Covert-One, #7)",16876
15783029,53063,Death in Venice and Other Stories,41074
15720943,53128,Isabelle,33385
15654230,73027,"See Delphi and Die (Marcus Didius Falco, #17)",43045
15595324,28890,You Can Be a Woman Egyptologist,38458
15811613,22542,Merlin's Tour of the Universe,15241
15679297,98673,Black Profiles in Courage: A Legacy of African-American Achievement,34634
15584545,41029,Forest Furnace: Wild Fires,46181
15594577,84547,The Wave,11902
15757632,94809,Frog and Toad All Year Book and CD,29634
15669656,69625,"Early Autumn (Spenser, #7)",16269
15746737,829,"Odalisque (The Baroque Cycle, Vol. 1, Book 3)",12441
15697574,60380,Katschen  The Book of Joseph,14876
15736228,69180,Greetings from Ocho Loco Press: 30 Postcards,16513
15768072,57528,J.K. Rowling: Princess of Dreams,24813
15741094,65465,Lucas on Life,44399
15663249,56839,The Dan Brown Companion,11598
15587419,20658,Blind Huber,20421
15746422,89556,London Revenant,46105
15785170,71226,"Jewish Lives, Jewish Learning: Adult Jewish Learning in Theory and Practice",14643
15670615,25000,Catullus and the Poetics of Roman Manhood,12348
15600379,59655,American Dreams: Lost and Found,27760
15801247,86633,Student Workbook for Learning Perl,15940
15764604,15498,"Var the Stick (Battle Circle, #2)",35040
15798659,74147,Ancient Egyptian Costumes Paper Dolls,17197
15780572,35376,A Room Called Remember: Uncollected Pieces,27971
15571059,7714,Pygmalion,23476
15795298,53285,Then:: Photographs 1925-1995,44116
15574305,83935,Discrete-Event System Theory: An Introduction,37782
15801658,4197,Siddhartha,35814
15807481,28537,"The Dragon's Son (The Dragonvarld Trilogy, #2)",47021
15576219,99631,The Gay Archipelago: Sexuality and Nation in Indonesia,34546
15667265,77436,Social Work Constructivist Research,23968
15783029,22195,The Zero,39311
15660866,35426,Star Wars:  The New Essential Guide to Vehicles & Vessels,11108
15701962,48102,The Blessing Way,49262
15792008,81656,"Maternal Body and Voice in Toni Morrison, Bobbie Ann Mason, and Lee Smith",26342
15663161,37126,Maximizing the 8 Weeks to Optimum Health Plan,28726
15622833,33810,"Plum Island (John Corey, #1)",21937
15733964,5636,"Behold the Child: American Children and Their Books, 1621-1922",11127
15675185,49210,Redemption: The Last Battle of the Civil War,27793
15780572,82762,Sola En La Ciudad,25683
15789815,73196,Rethinking Christ and Culture: A Post-Christendom Perspective,33255
15673367,6559,Nightshade,19954
15809823,52531,Arboretum,36506
15807909,2628,Great Expectations (MAXNotes Literature Guides),39154
15707634,79300,Tai Chi: The Supreme Ultimate,25105
15593014,85534,"Changeling (Isaac Asimov's Robot City: Robots and Aliens, #1)",14590
15654230,22164,The Cobra Event,47327
15789432,33521,Charlotte's Web: A Guide for Using in the Classroom,32834
15593014,73479,The Visit,16467
15699247,16593,The Coming of the Fairies,13943
15779529,91917,Jane Austen: Pride and Prejudice * Mansfield Park * Persuasion,24588
15671655,23993,Food First Curriculum,40171
15595228,29255,The Only Dance There Is,19313
15673539,21267,Rick Steves' France 2007,37162
15605327,41573,The BFG: A Set of Plays,47331
15746139,48312,Communication and Mental Illness: Theoretical and Practical Approaches,18342
15807909,43489,"Music in the Night (Logan, #4)",40790
15694879,51795,Sinking the Rising Sun: Dog Fighting & Dive Bombing in World War II: A Navy Fighter Pilot's Story,17208
15675185,22288,Haunted,48671
15706185,33223,Wireless Telecommunications FAQs,28611
15766289,31441,Angry Black White Boy,32639
15768816,80056,Venice Observed,26127
15669656,86486,Black White and Jewish,42869
15801247,40720,The End of Iraq: How American Incompetence Created a War Without End,22243
15759684,44125,Golf,25349
15638646,23401,Letters from Camp,49324
15628972,15051,Jeanette Winterson,32214
15772798,58832,Bartleby & Co.,18156
15762605,91286,Dogrun,29135
15574372,2817,"A Full House: An Austin Family Christmas (Austin Family, #5.6)",20218
15599533,51393,Skin Again,23295
15795224,97158,"Apples to Oregon: Being the (Slightly) True Narrative of How a Brave Pioneer Father Brought Apples, Peaches, Pears, Plums, Grapes, and Cherries (and Children) Across the Plains",45222
15575002,19599,Vincent's Colors,40987
15673619,81491,The Tales of the Prophets of Al-Kisa'i,29555
15588080,916,And a Hard Rain Fell,14385
15605000,46059,Anaïs Nin,10179
15581654,77558,The Land of Narnia: Brian Sibley Explores the World of C. S. Lewis,44227
15610801,10558,The Three Musketeers,49518
15810075,31573,50 Great Curries of India,27205
15782806,39446,Progress in Neutron Star Resea,47280
15713912,77897,Nigel Slater's Real Food,40098
15727467,64196,The Bit and the Pendulum: From Quantum Computing to M Theory--The New Physics of Information,22527
15687491,48865,Twenty-one Stories,14669
15668575,98929,Jedi Knight: Dark Forces II: The Official Strategy Guide,42920
15679297,31927,The Study of Philosophy,20447
15762605,62875,Santuarios Seguros: Prevencion del Abuso Infantil y Juvenil en la Iglesia,43466
15768816,97770,Windows Vista: Resource Kit,23643
15776348,71383,Kwest,13574
15704583,54678,Slave And Soldier: The Military Impact Of Blacks In The Colonial Americas,35587
15587419,62708,The  Prosperous Few and the Restless Many (Real Story),31767
15610403,68157,Mother Mysteries,36516
15598044,93871,Divided We Stand: A History of the Continuing Anglican Movement,17325
15699284,97956,London Bridge,42612
15603942,73969,Kabbalah: A Love Story,11108
15651983,77197,"Assassin's Apprentice (Farseer Trilogy, #1)",26256
15622585,66145,Pass the Bitch Chicken,17650
15679760,16261,Bryson City Tales: Stories of a Doctor's First Year of Practice in the Smoky Mountains,42191
15730448,12418,"Wise Thoughts for Every Day: On God, Love, the Human Spirit, and Living a Good Life",30038
15680243,99972,Hard Call: Great Decisions and the Extraordinary People Who Made Them,44833
15605327,33490,The Call of Cthulhu and Other Weird Stories,27080
15791373,19085,"Aristotle's Children: How Christians, Muslims, and Jews Rediscovered Ancient Wisdom and Illuminated the Middle Ages",36335
15605327,47740,Conversations with Isabel Allende,38706
15779529,96550,Titanic Adventure,33090
15591915,54168,Christian Living Beyond Belief: Biblical Principles for the Life of Faith,31743
15807525,77026,Getting Together: Building Relationships as We Negotiate,42457
15635893,25925,Dizzy and the Gas House Gang: The 1934 St. Louis Cardinals and Depression-Era Baseball,25842
15655123,99668,"Cupboards of Curiosity: Women, Recollection, and Film History",43314
15768816,74665,Atheism: A Very Short Introduction,10227
15576219,32108,The Talisman Ring,14548
15578738,8635,The Stanley Park Companion,20746
15621083,25448,World Enough and Time,40585
15617877,89351,Keegan's Lady (Keegan-Paxton #1),17337
15674331,86221,Los Cuentos De La Mujer Perdida,47575
15584114,73060,"Margaret Mitchell, Reporter",40655
15814553,96301,Australia (Rookie Read-About Geography),46809
15726358,7519,Today's Beach Houses,32263
15670619,48159,Triumph: The Power and the Glory of the Catholic Church,26150
15657163,17344,Till We Have Faces: A Myth Retold,48180
15769596,28039,The Working Stiff Cookbook: Great Food! Easy Recipes!,27489
15768072,1545,"Sophocles I: Oedipus the King, Oedipus at Colonus, Antigone (Complete Greek Tragedies)",49400
15639576,65144,The Art of Sacrifice in Chess,47475
15679760,53498,"Love That Dog (Jack, #1)",17500
15764195,43895,"Legends 2 (Legends 1, Volume 2of3)",29424
15798850,52744,The Way Cool License Plate Book,41006
15750447,92590,Ethics in the Investment Profession: An International Survey,35394
15657163,17207,Thank God It's Friday: Encountering the Seven Last Words from the Cross,32669
15662067,12311,Passages from the English notebooks of Nathaniel Hawthorne,32671
15813113,99291,Routledge Philosophy Guidebook to Kierkegaard and Fear and Trembling (Routledge Philosophy Guidebooks),14994
15675949,75184,Taking Sides Food and Nutrition: Clashing Views on Controversial Issues in Food and Nutrition,41348
15605000,95871,The Jazz Poetry Anthology,34367
15804002,76907,"Death Is Now My Neighbor (Inspector Morse, #12)",44253
15789815,81850,Core Performance Essentials: The Revolutionary Nutrition and Exercise Plan Adapted for Everyday Use,45312
15709441,67771,Nonverbal Communication Across Disciplines: 3 Volumes (Set),49586
15804002,83354,Philosophers Explore the Matrix,16040
15782530,84113,The Independent Film Producer's Survival Guide: A Business and Legal Sourcebook,18918
15593014,21304,The Ops Officer's Manual,47942
15587419,47523,"Harry Potter Boxed Set (Harry Potter, #1-4)",47668
15612465,89850,The Wisdom of Avalon Oracle Cards: A 52-Card Deck and Guidebook,16941
15582066,36375,The Letters of Anthony Trollope,37073
15603246,43691,The Master,19474
15576219,97639,Crows: An Old Rhyme,49284
15679297,67101,Teresa of Calcutta: Serving the Poorest of the Poor,21679
15791174,77100,"On the Far Side of the Mountain (Mountain, #2)",33823
15814553,45396,Little Black Dress Diet,47808
15753874,97576,In Search of the Medicine Buddha: A Himalayan Journey,48891
15697020,20971,Meditations for Manifesting: Morning and Evening Meditations to Literally Create Your Heart's Desire,11164
15679760,48198,Death Comes for the Archbishop,45952
15742204,26446,Anchorwoman,37409
15709476,97840,The Power-Filled Christian: The Work of the Holy Spirit in Man [An Unknown Christian],33604
15779744,91846,Lobotomy: Surviving the Ramones,45427
15742204,15414,John Bachelder's History Of The Battle Of Gettysburg,10040
15587177,32294,Blame It on the Rain: How the Weather Has Changed History,27781
15697997,72924,The Door of the Beloved: Poems of Hafiz,39425
15715541,70137,Enterprise Architecture As Strategy: Creating a Foundation for Business Execution,16638
15727311,70879,Hollywood 101: The Film Industry,22560
15775562,13039,Clea (The Alexandria Quartet #4),17223
15724423,38345,The Beastly Baby,16296
15685576,37994,Let's Get It On: A Novel,48275
15766609,94303,Firestorm,11112
15603319,21855,John Barth: An Introduction,34869
15795224,34138,Hocus Focus,10263
15617877,20037,"A Guide for Using Brown Bear, Brown Bear, What Do You See? in the Classroom",43943
15593014,31203,"Amelia by Henry Fielding, Fiction, Literary",31253
15746422,94512,"100 Bullets, Vol. 9: Strychnine Lives",14199
15591915,44780,"Give War a Chance: Eyewitness Accounts of Mankind's Struggle Against Tyranny, Injustice, and Alcohol-Free Beer",37590
15764195,1572,Clouds/Wasps/Peace,27963
15721592,14480,"Calling Doctor Amelia Bedelia (Amelia Bedelia, #16)",36664
15690188,80226,Doubt: A History,44359
15581654,30372,Eloquent Silence,20501
15631070,11564,The Girl Who Loved Tom Gordon,36626
15619465,25094,Structure in Architecture: The Building of Buildings,13889
15622171,99648,The Edible Woman: Based on the Novel by Margaret Atwood,41471
15814816,86126,Creating Life Against the Odds,34638
15623502,71691,The Umbrella man and other short stories,13386
15783029,53613,How to Get Your Baby to Sleep: America's Foremost Baby and Childcare Experts Answer the Most Frequently Asked Questions,22918
15588080,49120,Your Gift of Love: Selections from the Five Love Languages,34714
15800515,90122,"Hardwiring Excellence: Purpose, Worthwhile Work, Making a Difference",11101
15610801,82948,Critical Essays on Albert Camus,22069
15791174,6800,Easy Labor: Every Woman's Guide to Choosing Less Pain and More Joy During Childbirth,41504
15756932,88627,The Hillary Clinton Voodoo Kit: Stick It to Her Before She Sticks It to You!,34245
15800515,28053,"As Eve Said to the Serpent: On Landscape, Gender, and Art",13541
15614827,9230,Basic Principles of Classical Ballet,41593
15724161,59888,Ecos,36858
15707634,52103,The Strength of Love,26308
15662067,29519,Conspiracy of Fools,28423
15600575,70774,Mortelle,49702
15609653,28871,"Dungeons & Dragons Core Rulebook Gift Set (Version 3.5 editions of the Player's Handbook, Monster Manual, and Dungeon Master's Guide)",13582
15717560,36818,Groom's Survival Manual,37003
15594577,15495,"Shame of Man (Geodyssey, #2)",12035
15801658,26217,Rewind,22421
15725794,89805,"Lessons in Terror (Fear Street Collector's Edition, #8)",29137
15642725,59733,"Eden: The Life and Times of Anthony Eden First Earl of Avon, 1897-1977",12547
15744529,91582,Lady Susan,33760
15786993,80130,The Cinema of Krzysztof Kieslowski: Variations on Destiny and Chance,28343
15724858,49039,Bel Canto: a History of Vocal Pedagogy,14928
15699284,6677,The Gremlins,18761
15687491,36120,Vegetables,16970
15601550,67339,Theory of Knowledge: The 1913 Manuscript,32985
15721592,68462,"The Warrior Prince (Dragon Lords, #4)",29501
15629739,4458,Denial of the Soul,38464
15767871,25037,El rey de Les Halles,38656
15631159,7098,"Terrible Swift Sword: The Centennial History of the Civil War Series, Volume 2",45432
15720745,53987,Great Transformations: Economic Ideas and Institutional Change in the Twentieth Century,49749
15663161,96866,Foundations of Natural Spirituality: A Scientific Approach to the Nature of the Spiritual Self,22757
15614187,86612,"The Cat Who Went Underground (Cat Who..., #9)",37113
15654456,64935,The Man Without a Country: And Other Naval Essays,25702
15768816,31708,A Synergy of Styles: Art and Artifact in Gabriel Garc'a Mrquez,47377
15595135,56865,The Art of Deception in Warfare,14139
15617482,45252,Pandora's Star,15570
15749130,21389,Hannibal Rising,47816
15715541,85805,Sugar and Spice,30682
15746422,15910,"Geisha: The Life, the Voices, the Art",47907
15701962,48076,Tis Unabridged: A Memoir,20390
15791373,78183,The King of Torts,40406
15622833,2061,The Long Italian Goodbye,44357
15729908,21389,Hannibal Rising,28609
15662901,84885,Bridging the Gap: Twenty Years After the War in Vietnam,44081
15587013,46429,"The Mask of Dimitrios (Charles Latimer, #1)",21870
15577178,24217,Alice's Adventures in Wonderland and Through the Looking Glass,39401
15776733,20458,Marguerite Duras: A Life,27756
15722061,61904,"Paladin of Souls (World of the Five Gods, #2)",37976
15570932,56590,How to Succeed in High School,44587
15638003,33322,"The Vogue Knitting Stitchionary, Volume Three: Color Knitting: The Ultimate Stitch Dictionary from the Editors of Vogue Knitting Magazine",12760
15721592,86699,Home Town,38834
15810944,44947,New Commentary on the Code of Canon Law (Study Edition) (Study),13695
15724161,27322,Essential Confucius,17565
15680752,52444,Sundown Towns: A Hidden Dimension of American Racism,41355
15726358,78094,Building with Our Hands: New Directions in Chicana Studies,25319
15713912,79677,The Jolly Christmas Postman,46940
15710257,82270,"The Curtain Book: A Sourcebook for Distinctive Curtains, Drapes, and Shades for Your Home",15639
15694879,60175,To Be Gifted & Learning Disabled: Strategies for Helping Bright Students with Learning & Attention Difficulties,31909
15680243,36313,Tales,45636
15595135,71059,Le petit prince sur sa planète,41575
15809347,96281,"The Deed of Paksenarrion (The Deed of Paksenarrion, #1-3)",48300
15614827,14490,"$30 Film School: How to Write, Direct, Produce, Shoot, Edit, Distribute, Tour With, and Sell Your Own No-Budget Digital Movie",29988
15622585,92675,Not Either an Experimental Doll: The Separate Worlds of Three South African Women,28675
15587013,26763,Hotel Deep: Light Verse from Dark Water,40156
15569641,75235,The Complete Plays: The Hostage / The Quare Fellow / Richard's Cork Leg / Moving Out / A Garden Party / The Big House,45135
15587419,83292,Not Quite A Gentleman (Regency #3),12176
15596984,21992,The Best American Short Stories 2000,21046
15773447,5330,The Annotated Christmas Carol,47462
15800215,7439,Naked Lunch: The Restored Text,13567
15622833,3998,Houses of God: Religious Architecture for a New Millennium,45150
15769902,57283,"In the Heart of Darkness (Belisarius, #2)",15741
15746203,99448,Spreading Fires,25116
15722061,22806,"Inuyasha, Volume 12",40472
15741049,35588,The Best of the Beatles: Violin,24969
15583681,50525,Charles Bukowski:A Critical And Bibliographical Study.,12856
15795298,85426,The Other Daughter,34218
15774179,95532,Kick Me: Adventures in Adolescence,12268
15723373,46928,Christopher Reeve,27096
15675791,89161,Judgment in Managerial Decision Making,16815
15792008,49229,The Diamond Cutter: The Buddha on Managing Your Business and Your Life,26371
15654901,86421,"Argentina's ""Dirty War"": An Intellectual Biography",22023
15642725,41320,"Maple Syrup Book, The",27206
15814553,52839,The Boondocks: Public Enemy #2,27156
15622585,34050,A Collection of Rudyard Kipling's Just So Stories,19286
15769596,86892,English Authors Series: A. S. Byatt,34756
15724150,82230,Sheehy's Manual of Emergency Care,22871
15711218,36881,Ravenous Dusk,24127
15665416,63797,Stanley Kubrick's 2001: A Space Odyssey: New Essays,46873
15730688,10996,Your Eight Year Old: Lively and Outgoing,21789
15736397,80848,"Some Kind of Wise Guy: Stories about Parents, Weddings, Modern Living, and Growing Up Italian",31566
15673367,73448,Eureka,27326
15685346,79249,New Essays on Moby-Dick,33863
15584114,55738,La Vuelta Al Mundo En 80 Años: Memorias,20448
15789815,66776,The Lost Language of Symbolism,23004
15678201,16342,"Cat Among the Pigeons (Hercule Poirot, #34)",45080
15685346,82375,The King of Lies,43266
15593715,83995,Tao of Photography: Seeing Beyond Seeing,12272
15575247,92246,Hungry Ants: A Ready to Count Book,11101
15796351,99814,The Mechanics of Earthquakes and Faulting,10284
15609669,47061,Twice-Told Tales,21033
15628523,29931,American Lung Association 7 Steps to a Smoke-Free Life,17967
15654901,46691,Stories of the Academy: Learning from the Good Mother,15449
15768816,37221,Critical Perspectives (Crosscurrents/Modern Critiques New Series),21423
15595135,3585,Sherlock Holmes: A Baker Street Dozen,33752
15720943,91286,Dogrun,29254
15789815,48430,"Buffy the Vampire Slayer: The Lost Slayer Omnibus (The Lost Slayer, #1-4)",24249
15685346,32580,Vladimir Nabokov's Lolita: A Casebook,49305
15793813,65130,"Ultimate Sacrifice: John and Robert Kennedy, the Plan for a Coup in Cuba, and the Murder of JFK",18217
15622171,15231,The City Outside the World,11711
15779581,14672,Thinking Visually,40596
15692819,44986,The Works of Rudyard Kipling: Volume II,21443
15756932,2827,The Birth of Tragedy/On the Genealogy of Morals,47682
15789432,650,"LOGO Lounge: 2,000 International Identities by Leading Designers",34304
15713912,7609,Nacho and Lolita,10455
15619407,99235,Maia of Thebes (Life and Times),38033
15768293,53962,Death Walk,31874
15815236,26841,Soups,10872
15578738,17734,The House of Mirth: A Novel of Admonition,24214
15682268,79309,Song: A Guide to Art Song Style and Literature,24149
15579781,20352,"Upbuilding Discourses in Various Spirits (International Kierkegaard Commentary, #15)",10750
15654296,67740,Peter Ackroyd,24791
15779744,60977,"Welcome to the Machine: Science, Surveillance, and the Culture of Control",16684
15651983,77924,Three Plays: Blood Wedding; Yerma; The House of Bernarda Alba,20237
15769596,72734,"Farriers' Lane (Charlotte & Thomas Pitt, #13)",12657
15673619,80135,Hitchcock's Films Revisited,46658
15779529,57819,Two-Bit Culture: The Paperbacking of America,17503
15592570,10224,Enchanted Evening,21264
15660866,5498,Adrift on the Nile,42540
15668521,62161,Jack the Ripper: The Definitive History,31072
15646936,13570,"Tsubasa: RESERVoir CHRoNiCLE, Vol. 1",40360
15744529,28205,"Vulcan's Forge (Philip Mercer, #1)",26242
15668575,6158,Apologies to the Iroquois,14719
15602373,37744,Wifey,12427
15724423,71091,Il piccolo principe,22409
15745083,27600,Atonement and Violence: A Theological Conversation,37938
15697997,51153,Grief Notes & Animal Dreams,16622
15741094,50754,"Noble Destiny (Noble, #2)",35343
15662901,49188,Girl Meets God,32911
15575002,76367,"The Virtuous Woman: 1935 (The House of Winslow, #34)",27156
15627220,31182,The Tin Can Tree,31199
15595228,35139,"A Triumph of Souls (Journeys of the Catechist, #3)",19958
15617134,49436,Three Cups of Tea: One Man's Mission to Promote Peace ... One School at a Time,14145
15697424,46102,Between The Acts: Entertaining Recipes From The New Theatre Restaurant.,30034
15581198,69146,Sadi: Gulistan or Flower-Garden,22462
15708228,24930,The Dream Stealer,43944
15789432,16955,Eagle in the Sky,39355
15587419,90265,The Big Hunger,19059
15809823,57064,"Hammerfall (The Gene Wars, #1)",15868
15670615,75404,The Amateurs,38369
15814816,21498,The Black Marble,26072
15764195,51785,The Principles of Mathematics,20587
15671249,6289,Beach Road,37297
15579781,66468,Fever,33318
15652400,48517,The Computer: An Illustrated History,13630
15792102,58645,A Thousand Plateaus,20469
15697424,76546,The Wild Iris,23201
15699284,78176,The Runaway Jury,38708
15746203,31979,"Astonishing X-Men, Volume 1: Gifted",29339
15750056,57880,The Invisible Fist: Secret Ninja Methods of Vanishing Without a Trace,28142
15680587,85438,Only A Trillion,40965
15612465,75834,"Law, Legislation and Liberty, Volume 1: Rules and Order",37180
15792102,63585,War Stories of the Green Berets: The Viet Nam Experience,33711
15726358,86933,Ahmad Jamal Collection,23142
15721835,68937,Houston In The Rearview Mirror,16234
15750335,7397,The Baby Boon: How Family-Friendly America Cheats the Childless,41915
15706185,52870,Smoke Signals: A Screenplay,21755
15769902,41157,I Hate My Best Friend,47297
15769596,74531,The Great Automatic Grammatizator And Other Stories,18116
15800061,30646,Beyond the Chains of Illusion: My Encounter with Marx and Freud,42997
15775562,60815,"Separated Brethren: A Review of Protestant, Anglican, Eastern Orthodox & Other Religions in the United States",46582
15753861,31114,"Homelands: Women’s Journeys Across Race, Place, and Time",42889
15684861,10874,"Steve Allen on the Bible, Religion and Morality",20291
15779744,16443,"The Discovery of Painting: The Growth of Interest in the Arts in England, 1680-1768",15767
15665416,64473,Expert Resumes for Career Changers,20223
15668521,31035,Etiquette Guide to Japan: Know the Rules That Make the Difference!,32096
15699284,30829,Finding True Love: The 4 Essential Keys to Discovering the Love of Your Life,31956
15673367,47753,On the Edge: Stories at the Brink,22395
15680587,22602,Carly's Sound,33689
15764195,67721,The Clerkenwell Tales,30941
15673367,79708,How to Study the Bible for Yourself,44628
15667417,68433,Linux in a Windows World,24811
15600575,49024,The Magic Flower,40273
15791373,94093,Space-time and beyond : toward an explanation of the unexplainable,23520
15778368,90753,"An Albany Trio: Legs, Billy Phelan's Greatest Game, Ironweed",18705
15570932,7397,The Baby Boon: How Family-Friendly America Cheats the Childless,21490
15679760,43044,The Sea-Wolf and Selected Stories,12088
15776348,99899,Brazil: Culture And Politics In A New Industrial Powerhouse,16350
15766609,28163,Essays and Texts in Honor of J David Thomas,20669
15593014,21626,Not of Woman Born,42708
15622585,57234,The Dechronization of Sam Magruder,29469
15638963,15948,Weg der Träume,10922
15759066,77257,"Locked Rooms (Mary Russell, #8)",49024
15668504,99214,"God's House at Ewelme: Life, Devotion and Architecture in a Fifteenth-Century Almshouse",25742
15746422,19818,"Moon-Flash (Kyreol, #1-2)",20569
15708228,92171,Imperial Caddy: The Rise of Dan Quayle in America and the Decline and Fall of Practically Everything Else,19465
15715160,13138,Season of the Machete,24631
15801247,29622,The Wedding Night,39785
15683758,6198,Boyhood: Scenes from Provincial Life,48051
15584545,97777,Nobody's Fool,43236
15589715,98278,Reefer Madness: A History of Marijuana,33174
15674206,2427,"Undue Influence (Paul Madriani, #3)",41374
15722758,38595,"What Jessica Wants (Sweet Valley High, #138)",35699
15586996,73829,Red Dragon Rising: Communist China's Military Threat to America,16936
15776348,84359,The Little Giant® Book of Optical Illusions,39061
15764604,97626,"Tobacco and Slaves: The Development of Southern Cultures in the Chesapeake, 1680-1800",11604
15687491,39841,Revelations of Christ Proclaimed by Paramhansa Yogananda,34043
15723373,25376,The Mystery Method: How to Get Beautiful Women Into Bed,43234
15619407,86777,Common Sense Macroeconomics,14021
15787550,78326,Kodak Cameras: The First Hundred Years,13634
15589715,51043,Trees & Shrubs Hardy in the British Isles,49922
15595135,93394,Pearl Harbor and the Coming of the Pacific War: A Brief History with Documents and Essays,43229
15774744,84560,Ancestors of Avalon,20621
15614827,35088,SeinLanguage,42981
15577178,10590,Stephen King's the Dark Tower: The Complete Concordance,14263
15776348,70203,Smart Moves: Why Learning Is Not All in Your Head,39836
15673619,38537,"Head Over Heels (Sweet Valley High, #18)",40747
15573452,41921,Mixed Blessings,24156
15624755,69909,Hesitant Fire: Selected Prose of Max Jacob,42929
15717893,84877,Married Women Who Love Women,17436
15654230,45684,The Rifles,19762
15774727,1386,Cliffs Notes on Homer's The Odyssey,36534
15701962,12253,Continuing Conclusions: Poems by Richmond Lattimore,47365
15736760,53598,CAT NAP (Cuddle Board Books),47363
15636023,690,The End of Print,21439
15720943,74637,The Brain: A Very Short Introduction,30368
15674331,73067,Dr. Susan Love's Breast Book,32472
15775590,42206,Plato's Invisible Cities: Discourse and Power in the Republic,18952
15595324,48631,Praying the Scriptures for Your Children: Discover How to Pray God's Will for Their Lives,45168
15663249,94698,Mister Boots,46683
15679297,67092,The Possession of Celia,21707
15739160,50039,I'm with the Band: Confessions of a Groupie,16978
15684801,21989,The March,49452
15594041,40912,"The Green Pearl (Lyonesse, #2)",32825
15769902,88754,Honky,32249
15766609,68648,American Pie: My Search for the Perfect Pizza,14293
15683758,50193,The Cambridge Companion to F. Scott Fitzgerald,42037
15573926,50130,Christianity in the Crosshairs: Real Solutions Discovered in the Line of Fire,10841
15736397,65122,The Last Of The Templars,23687
15614827,9109,Group Portrait Photography Handbook,17731
15638963,39670,Our Marching Band,14233
15679297,25000,Catullus and the Poetics of Roman Manhood,23853
15636023,5131,The Perennial Philosophy,32654
15694288,97746,Freud: A Life for Our Time,33877
15636428,4981,Slaughterhouse-Five,44447
15694395,91619,Black Imagination & the Middle Passage (W.E.B. Du Bois Institute (Series).),32619
15611191,49934,The Oxford Anthology of English Literature: Volume 1: Medieval English Literature,30084
15767871,69552,Jim and Dave Defeat the Masked Man,22692
15750447,40515,"Spy Girls Are Forever (Spy Girls, #4)",37449
15750839,86636,The Patriots Club,37056
15750447,67655,Paula Deen  Friends: Paula Deen  Friends,25292
15761950,82641,The Spinster Sisters,26118
15746422,84311,O Say Can You See?: Biblical Stories about Spiritual Blindness,40017
15800061,59595,El Materialismo Histérico,12918
15721835,80171,Fairy Tales,31129
15750447,44529,The Adventures of Charlie and Mr. Willy Wonka: A Fully Dramatized Recording,25538
15745083,67957,Windhaven,10892
15714658,54129,Algebra I,20985
15794493,37811,The Assassination of Julius Caesar: A People's History of Ancient Rome,42550
15679651,29894,Writing on Trial: Timothy Findley's Famous Last Words,14031
15606472,31367,"A Place of Hiding (Inspector Lynley, #12)",39157
15716781,86110,Kenosis and Feminist Theology: The Challenge of Gianni Vattimo,22868
15669656,71187,The Complete Saki,17379
15813113,86182,"Tales from the Cold War, 13th Armored Infantry Battalion on Freedom's Frontier",42965
15704583,37465,La France et la Francophonie (text): Conversations with Native Speakers,42211
15791174,58099,No Time to Say Goodbye: Surviving the Suicide of a Loved One,20961
15637593,24597,Center City Philadelphia in the 19th Century (Images of America: Pennsylvania),16118
15721592,92944,Tuff Fluff: The Case of Duckie's Missing Brain,30684
15631159,63037,Ninety-Three,26039
15726358,54077,El maestro de esgrima,47472
15721592,15223,"Under the Green Star (Green Star, #1)",11089
15794493,96085,Billa Nayee and Other Tales,44644
15636428,14485,Directing the Documentary,20175
15628523,80087,Apuleius and Drama: The Ass on Stage,12080
15638003,88872,Walt in Wonderland: The Silent Films of Walt Disney,12265
15732987,50701,Changing Two: Drawings by Michael Leonard,20227
15672091,49268,"The Cuba Reader: History, Culture, Politics",23601
15715622,29341,Holidays: Special Ways to Celebrate Special Days,32339
15685536,98504,Dying to Win: The Strategic Logic of Suicide Terrorism,40099
15691808,92173,"If You're Talking to Me, Your Career Must Be in Trouble: Movies, Mayhem, and Malice",28853
15637593,4408,East of Eden,33806
15772798,14110,The Book of Snobs,16228
15646091,32476,Pact of the Fathers,37017
15800515,65208,ISO Science Legacy: A Compact Review of ISO Major Achievements,42841
15764419,21684,Sacred,49732
15610403,87057,A History of the Wife,16333
15689425,72420,"Harry Potter aur Razon ka Kamra (Harry Potter, #2)",34552
15667417,84155,Daemon's Angel,42338
15807525,73387,"From Sea to Shining Sea for Children: Discovering God's Plan for America in Her First Half-Century of Independence, 1787-1837",12533
15714658,33734,Getting Rid of Bradley,37681
15715160,43523,Ocurren Los Milagros,13508
15689751,60256,El Pensamiento Literario de Javier Mar�as,12145
15736760,20642,Terry Jones's War on the War on Terror: Observations and Denunciations by a Founding Member of Monty Python,14373
15625395,73542,Studying Societies and Cultures: Marvin Harris's Cultural Materialism and Its Legacy,32358
15750447,2458,Theocritus: Idylls,49492
15809823,59152,Twilight and Moonbeam Alley,12836
15773447,49497,The Sisterhood of Blackberry Corner,35859
15569641,18850,On Being Ill,27378
15746737,9263,Stand Still Like the Hummingbird,25981
15717560,21292,Scorpion in the Sea,36224
15613014,22286,Clown Girl,16652
15593715,42112,Jimi Hendrix (Biography (Lerner Publications Company).),20442
15776733,82209,Divorce and Money: Everything You Need to Know,25748
15667265,12634,The Chomsky Update: Linguistics and Politics,42289
15810800,26923,Hamilton Stark,48462
15717893,65914,Perfect Husband,18479
15663249,94430,The Economics of Disappearing Distance,48440
15749130,46857,The World of Faery: An Inspirational Collection of Art for Faery Lovers,30560
15747097,25881,Manhunt Official Strategy Guide,31902
15689751,66733,The Cartoon Guide to Physics,36981
15807481,7363,Midnight in the Garden of Good and Evie,45424
15701962,44408,Becoming a Contagious Christian,22110
15649136,80895,Doctor Faustus,27479
15735878,47549,"La Torre Oscura (La Torre Oscura, #7)",28126
15707596,25779,"On Democracy, Revolution, and Society",37591
15628972,16920,Hidden World,39318
15792818,93732,"Sweet Sixteen Princess (The Princess Diaries, #7.5)",47414
15584545,86934,The Autobiography (Fahrasa) of a Moroccan Soufi: Ahmad ibn 'Ajiba (1747 - 1809),18451
15639576,1569,Clouds,38458
15663939,18184,The Complete Theory Fun Factory: Music Theory Puzzles and Games for the Early Grades,22830
15589715,31785,The Will to Power,40567
15724150,69483,Las edades de Lulú,10741
15697574,81062,Threshold (Chance Matthews #1),43649
15757837,62803,The Life and Death of Yukio Mishima,11659
15619087,25735,The Undercover Economist,13693
15675185,43981,Critical Thinking Using Primary Sources in World History,33101
15631159,77292,A Sand County Almanac,34807
15579212,69694,A Fierce Hatred of Injustice: Claude McKay's Jamaica and His Poetry of Rebellion,37537
15605327,54310,Melanie Magpie,33789
15789815,77465,The Chosen,37851
15733883,65499,El príncipe destronado,46965
15814004,55636,Macaulay: The Shaping of the Historian,38458
15694829,36550,Antes que anochezca,43277
15810800,55646,The Historian: Six Fantasies of the American Experience,46736
15636023,59232,Estrella distante,26826
15591915,53170,Designing the World's Best Children's Hospitals 2: The Future of Healing Environments,31672
15746422,37218,Prenatal Testosterone in Mind: Amniotic Fluid Studies,17971
15655123,12900,As I Lay Dying: Meditations Upon Returning,34668
15589715,46140,Sharpshooter: A Novel of the Civil War,14805
15794253,96498,"Mercenary's Woman (Soldiers of Fortune, # 4)",42106
15631159,27664,The Devil Is a Gentleman: Exploring America's Religious Fringe,44213
15715160,89442,Modern Times,35607
15811177,98424,A Time to Flee: Unseen Women of Courage,22794
15614827,18882,"The Malloreon, Vol. 2: Sorceress of Darshiva / The Seeress of Kell (The Malloreon, #4-5)",18773
15811613,7201,As the Crow Flies,33057
15721007,22086,Michael Crichton (Literary Companion to Contemporary Authors),44518
15789432,84481,Strange Liberators,37648
15709183,15582,Cosmos and Pornografia: Two Novels,10118
15697424,5593,Morality: An Introduction to Ethics,20378
15704987,63444,Zeke and Ned,46678
15793890,69419,The Merchant of Venice (SparkNotes Literature Guide),33784
15779529,84515,Leaving Home,18343
15800061,3201,The Unity of Plato's 'gorgias',17527
15779744,11178,"Father Hunger: Fathers, Daughters & Food",37958
15599081,39904,Chocolate and the Art of Low-Fat Desserts,36630
15813113,95627,This Golden Valley,32508
15614420,56561,Anna and Michael Olson Cook at Home: Recipes for Everyday and Every Occasion,45728
15800215,26650,Fundamental Web Design and Development Skills,47274
15809823,45574,Ajax in Action,32181
15778368,12525,Solstice,27552
15600379,59391,The Great God Pan: The Survival of an Image (Walter Neurath Memorial Lectures),49121
15667742,93488,American Empress: The Life and Times of Marjorie Merriweather Post,37239
15738448,20781,Aesop's Fables,47374
15665760,43524,Hang in 'Til the Miracle Happens,37758
15709441,76497,The Book of Common Prayer,21604
15792818,68180,Have The Birth You Want,47947
15810944,28013,What You Can Change and What You Can't: The Complete Guide to Successful Self-Improvement,13829
15709183,27468,The End of Days,31832
15796351,30427,Honor Bound,12719
15697424,58203,La Lumière du monde,35059
15682268,98693,Call to Action: Secret Formulas to Improve Online Results,15869
15582492,85559,Robots Et Extra Terrestres D'isaac Asimov. [1-2],14467
15796351,63258,"Lestat el Vampiro (Crónicas Vampíricas, #2)",11928
15668575,28485,"Elven Star (The Death Gate Cycle, #2)",29526
15767681,22035,Fools Die,10570
15706185,90452,Death Knocks Twice,45247
15666675,48961,"The Clues Challenge (Nancy Drew, #163)",24649
15762228,5933,100 Love Sonnets,24619
15672330,30626,Letters to Children,39229
15657163,59213,"Nothing, Nobody: The Voices of the Mexico City Earthquake",40234
15723373,33190,Hamlet's Perfection,44685
15622478,95854,John Macmurray: Critical Perspectives,25673
15787550,23169,Education and the End of Work,40880
15588080,11900,72 Hour Hold,36419
15699284,89961,The Heritage Guide to the Constitution,47430
15600575,87684,Violin Extra: Book 2,39228
15804002,37380,The Heart Is a Lonely Hunter,44975
15753102,56706,The Raiders,34979
15581198,46487,Bad Boys Over Easy,19158
15614827,53898,Snow Day,17557
15587419,53205,"An Introduction to Black Holes, Information and the String Theory Revolution: The Holographic Universe",10022
15795298,16805,John Milton: Complete Poems and Major Prose,12061
15673367,75465,Rescuing Patty Hearst: Growing Up Sane in a Decade Gone Mad,45677
15578006,95371,Let's Go India & Nepal 2004,48633
15725794,99306,Yellow Wallpaper and Other Writings,14098
15750447,78998,Zoom Broom,23391
15638963,21107,"The Halloween Activity Book: Creepy, Crawly, Hairy, Scary Things to Do",20110
15617134,84548,A Red Death (Easy Rawlins #2),42713
15747043,66725,Island of the Colorblind,25547
15610403,49709,"An Elm Creek Quilts Sampler (Elm Creek Quilts, #1-3)",49718
15811613,88372,The Deep Six,22298
15575694,16803,The Complete Poems and Major Prose,15682
15637593,52994,McSweeney's #20,37242
15775335,37967,A Reasonable Faith,29310
15744529,37716,A Christmas Carol and The Night Before Christmas,26809
15721007,20737,The Presentation of Self in Everyday Life,41752
15736760,62137,The Swiss Family Robinson (Illustrated Classics),27728
15637593,81266,Caw of the Wild: Observations from the Secret World of Crows,23722
15571059,91077,The Partly Cloudy Patriot,31045
15598044,12471,The Time of our Time,26978
15603319,24562,The Adventures of Baron Munchausen: The Illustrated Screenplay,11853
15624510,24492,Lazy Man's Guide to Enlightenment,19606
15672330,75315,The Complete Idiot's Guide to the Koran,34464
15753874,38636,Secret Garden: Vocal Selections,32985
15606472,3222,Man and the Theogony in the Lurianic Cabala,46677
15691863,28491,Through Death's Gate: A Guide To Selfless Dying,35564
15622478,95643,The Places in Between,36919
15624510,90528,Freedom Dreams: The Black Radical Imagination,38957
15593715,55566,One Death Too Many,43779
15578738,33061,"The Bookclub-in-a-Box Discussion Guide to A Fine Balance, the Novel by Rohinton Mistry (Bookclub-In-A-Box)",33747
15730688,5693,Selected Stories of Anton Chekhov,12658
15736228,64696,Family Tree Maker for Dummies,14541
15736397,90138,I Have Called You Friends: An Invitation to Ministry,33048
15638003,31574,The Curry Secret,29136
15637593,9525,Chicken with Plums,17375
15665760,8822,Earthly Powers,43409
15611191,14605,Edie: Girl on Fire,16761
15627220,11699,Without Boundary: Seventeen Ways of Looking,26679
15687491,19847,Winning with People Workbook,35140
15706185,6869,The Child in Time,41004
15577178,76719,"Corona (Star Trek, #15)",36975
15744529,99595,Something Inside: Conversations With Gay Fiction Writers,48714
15600379,62821,Naked Asia,48664
15602373,8833,Inconceivable,33470
15806901,27158,Smarter Charters,35430
15741049,22774,"Slightly Settled (Slightly, #2)",25257
15605327,18313,The Picture of Dorian Gray and Other Writings,27064
15809823,41511,"Three Can Keep a Secret (Stella Crown Mystery, #2)",19970
15744919,78479,In A True Light,36016
15605000,65372,The Best in Popular Sheet Music: Piano/Vocal/Chords,42182
15654296,57559,Edith Wilson: The Woman Who Ran the United States,16301
15809347,41164,Spy in the Sky,20969
15789815,17266,First You Build a Cloud: And Other Reflections on Physics as a Way of Life,13792
15741094,35487,The Ring of Fire,48190
15708791,2524,"50,001 Best Baby Names",31367
15667265,85427,The Butcher's Theater,13900
15728773,7913,Five Little Peppers Midway,15490
15646227,63585,War Stories of the Green Berets: The Viet Nam Experience,11565
15775562,75228,The Holly Woodlawn Story: A Low Life in High Heels,30629
15734161,9962,The Fiction of Ian McEwan,38011
15753861,33929,Eight Little Piggies: Reflections in Natural History,40959
15596761,79391,"Black & Decker The Complete Photo Guide to Home Improvement: With 300 Projects and 2,000 Photos",43995
15762228,46673,New Essays on White Noise,42049
15688172,2799,Typographic Design: Form and Communication,24477
15672330,25936,The Unknown Masterpiece,16837
15786993,35290,"The Red Army and the Wehrmacht: How the Soviets Militarized Germany, 1922-33, and Paved the Way for Fascism",15707
15594041,77651,You Just Don't Understand: Women and Men in Conversation,27128
15723373,97732,"Thinking in C++, Volume One: Introduction to Standard C++",26339
15595135,85058,Professional Design Patterns in VB .Net: Building Adaptable Applications,32793
15761950,52218,Calligraphy and Illumination: A History and Practical Guide,46608
15720943,87444,Isaiah Berlin: A Life,29268
15727311,29098,The Collection 2,17658
15666141,37179,Modern Scottish Culture,43993
15775562,75937,"Dissolute Characters: Irish Literary History Through Balzac, Sheridan Le Fanu, Yeats, and Bowen",18755
15672091,51315,"Diet for a New America: How Your Food Choices Affect Your Health, Happiness and the Future of Life on Earth",29076
15692819,89769,20th Century Rock & Roll—Women in Rock,24166
15631912,83169,Boy Scouts of America : The Official Handbook for Boys (Reprint of Original 1911 Edition),28829
15708196,24740,25 histoires d'amour,48103
15775590,37261,Carnet de Voyage,11847
15736397,39328,Real Estate Principles for License Preparation for the Ets Exam,29384
15610403,64159,Marriage Fitness: 4 Steps to Building & Maintaining Phenomenal Love,16397
15774872,95974,"Overexposed ... (and Slightly Out of Focus): One Woman's Adventures, Misadventures, and an Occasional Misdemeanor ...",38723
15575694,18962,Hands Collected: The Books of Simon Perchik,43301
15583137,84354,Remaking the Chinese Leviathan: Market Transition and the Politics of Governance in China,23594
15672821,85182,Opening Developments,20394
15675949,79089,The Monster Show: A Cultural History of Horror (Revised Edition),41480
15683758,27354,A to Z Mexico,11821
15741049,26088,Superman: Secret Identity,31862
15776348,33328,Vogue® Knitting on the Go! Crocheted Scarves,24791
15619653,87015,Rust and Bone: Stories,13441
15746139,76580,Blonde platine,23360
15627220,35858,The Western Odyssey of John Simpson Smith: Frontiersman and Indian Interpreter,47950
15736228,50564,All the Colors We Are: Todos los colores de nuestra piel/The Story of How We Get Our Skin Color,19271
15782530,26732,Creative Compartments (Adamantine Studies on the 21st Century),17177
15635893,28529,"Love and War: Tales, Volume Three (Dragonlance: Tales)",34217
15694395,1515,"The Complete Greek Tragedies, Volume 3: Euripides",48142
15662067,28065,The Real Split In The International,30016
15725660,77982,The Jossey-Bass Handbook of Nonprofit Leadership and Management,15135
15750839,4523,Goodnight Max,38320
15726358,43395,"Left Hooks, Right Crosses: A Decade of Political Writing",31227
15688172,49496,In Search of Sisterhood: Delta Sigma Theta and the Challenge of the Black Sorority Movement,30040
15629885,92817,Happy to Be Nappy,48114
15800061,98061,My Little Pony: Rainbow Dash's Dress-Up Fun,22859
15764195,30107,The Ivory Tower,45631
15688172,98512,"Kraftwerk: Man, Machine and Music",23095
15684861,33374,El Estanque del Mirlo,15656
15734312,82632,La tregua,12966
15614420,16213,The Hot Zone: The Terrifying True Story of the Origins of the Ebola Virus,19975
15592877,17679,Writing the Qualitative Dissertation: Understanding by Doing,17114
15814553,43668,Three Complete Novels: The First Deadly Sin / The Second Deadly Sin / The Third Deadly Sin,45193
15721835,60511,The Absorbent Mind,46005
15778368,50735,"A Knight's Vow (MacLeod, #2.6; de Piaget/MacLeod, #7.5)",19311
15723373,59199,El tren pasa primero,10665
15795298,11406,A Door of Hope,26767
15619087,28568,"The Vanished Man (Lincoln Rhyme, #5)",10346
15571059,95804,Opera for Dummies,40341
15738448,92903,"Riverwind the Plainsman (Dragonlance: Preludes, #4; Preludes II, #1)",20987
15680752,37942,Revisiting Outcomes Assessment in Higher Education,21291
15599081,55025,"Heartwood (Billy Bob Holland, #2)",46176
15570769,82,"The Second John McPhee Reader (John McPhee Reader, #2)",41621
15668385,15609,"Billy Budd, Sailor and Other Stories",27109
15734161,74131,The Knight Who Was Afraid of the Dark,13094
15671249,12335,Savage Beauty: The Life of Edna St. Vincent Millay,35612
15713463,44458,The Collected Dorothy Parker,40407
15707596,75075,A Rose for Mary: The Hunt for the Real Boston Strangler,41615
15766289,56389,It Takes So Little to Be Above Average,46668
15775335,44531,Fantastic Mr Fox and Other Animal Stories,37955
15724423,37022,"Margaret Atwood: A Reference Guide, 1988-2005",12050
15706071,15157,Saving Faith,25283
15733883,26397,Literacy in the Secondary School,13037
15584545,12236,A Soldier's Play,39000
15769902,91657,Medieval French Textual Studies In Memory Of T.B.W. Reid,19317
15587177,17698,The Cossacks,37166
15663161,85019,Applying UML and Patterns: An Introduction to Object-Oriented Analysis and Design and Iterative Development,31557
15662067,67388,Signs of the Unseen: The Discourses of Jalaluddin Rumi,45911
15614420,48512,Make: Technology on Your Time Volume 05: Technology on Your Time,41591
15574305,1737,Poetic Interplay: Catullus and Horace,43385
15775562,87281,I Served the King of England,45093
15587177,29282,Triptych of Terror: Three Chilling Tales by the Masters of Gay Horror,22702
15570932,9298,Last Chance Saloon,42746
15574305,34109,"The Weekend Crafter: Beading: From Necklaces to Napkin Rings, 20 Easy and Creative Projects to Make in a Weekend",31426
15573926,57361,I Have Landed: Splashes and Reflections  in Natural History,21145
15574372,86121,Shark Bite,35628
15596984,28245,The Cost Of War: Australians Return,30405
15760570,62964,"Wiley Fastcompany Reader Series, Leadership",28211
15646936,17553,Louisa May Alcott's Civil War,40366
15759066,409,Against the Day,26442
15744919,24537,"Arthritis: Fight it with the Blood Type Diet: The Individualized Plan for Defeating the Pain of Osteoarthritis, Rheumatoid",16651
15757632,5568,Jack Welch on Leadership: Abridged from Jack Welch and the GE Way,34793
15693264,34876,Star Bright!: A Christmas Story,30641
15738448,40766,Pro Tools LE and M-Powered: The Complete Guide,15809
15654230,37899,"2mpower Grammar, Composition and Style: The Structure of Language - Empowering Visual and Kinesthetic People to Achieve University-Level Writing Skills",41132
15602373,3248,Aristophanes I: Clouds/Wasps/Birds,18755
15701537,38343,Year 501: The Conquest Continues,46678
15753874,19400,The Decline and Fall of the Roman Empire,13206
15733964,72882,Computer Aided Production Engineering: Cape 2003,25948
15593715,79991,Keith Richards: Before They Make Me Run,24629
15776844,51387,"Yearning: Race, Gender, And Cultural Politics",15997
15724423,67757,The Secrets of Life,26450
15589449,97995,"Elfquest Archives, Vol. 1",29113
15694453,782,"Meditation, Compassion & Lovingkindness: An Approach to Vipassana Practice",22726
15776348,61450,SAP R/3 Handbook,44751
15684801,51058,"Griffin Sabine Trilogy(bkpk, Unabri",49883
15573926,66005,Parties and Party Systems: Volume 1: A Framework for Analysis,37330
15614827,79774,Pattern Languages of Program Design 3,20337
15603246,51757,Tools For Writing: Using The Natural Human Learning Process,36248
15675949,26903,Robert Irwin's Power Tips for Buying a House for Less,35398
15638646,5179,Mother of Pearl,15516
15798850,49510,Camille: The Lady of the Camellias,32020
15764419,81950,The E-Myth Contractor: Why Most Contractors' Businesses Don't Work and What to Do About It,19100
15587177,44159,The Cat,20603
15682268,5914,"Hobbits, Elves and Wizards: The Wonders and Worlds of J.R.R. Tolkien's ""Lord of the Rings""",23643
15682268,74278,"Unter dem Verrätermond (Die Schattengilde, #3)",38600
15747043,83824,The Motley Fool Personal Finance Workbook,19027
15662067,42877,The Life and Times of the Thunderbolt Kid: A Memoir,30879
15734161,88192,The Art of Darkness: Staging the Philip Pullman Trilogy,15312
15761950,3027,Economic Literacy: Basic Economics with an Attitude,44300
15688172,53940,Medieval & Tudor Needlecraft: Knights & Ladies in 1/12 Scale,15827
15646936,53893,Happy Boo-Day to You! (Ghostville Elementary #6),32307
15800890,24072,"Hope In My Heart: Sofia's Immigrant Diary (My America, #1)",14490
15598070,12366,The Whore's Child and Other Stories,44673
15801336,54822,Leaving Cheyenne,18641
15776348,23570,Roger Ebert's Movie Yearbook 2005,16974
15767871,43560,Macedonia: What Does It Take to Stop a War?,19612
15778368,3466,"The Wedding (The Notebook, #2)",43265
15629739,59277,El Tarot Egipcio,45058
15631159,80467,Him Her Him Again the End of Him,41158
15789863,32563,Apocalypse and/or Metamorphosis,23451
15783029,67339,Theory of Knowledge: The 1913 Manuscript,32073
15680243,29138,"Crime, Protest and Police in Modern British Society",42083
15741049,47513,Wilkins’ Tooth,34746
15801247,49753,Bama Boy,41529
15720943,51293,Thicker Than Blood: How Racial Statistics Lie,45904
15593715,99749,The Island of Seven Cities: Where the Chinese Settled When They Discovered America,43535
15649487,59602,Life After School Explained,43589
15642725,41097,What are the Seven Wonders of the World?: And 100 Other Great Cultural Lists—Fully Explicated,36878
15800215,74714,Transnational America: Cultural Pluralist Thought in the Twentieth Century,18656
15622478,70432,Front Row Seat: A Veteran Reporter Relives the Four Decades That Reshaped America,28827
15675185,78020,"Refuge (Isaac Asimov's Robot City, #5)",20573
15772073,57483,A Dark Muse: A History of the Occult,35490
15636428,38779,El Texto En Llamas: El Arte Narrativo De Juan Rulfo,43502
15716781,70429,Front Row Center-Inside the Great American Airshow,36066
15755018,62647,"The Place of Truth (Stone of Light, #4)",46022
15619407,52330,Maxine Hong Kingston's the Woman Warrior: A Casebook,49180
15672091,95431,"Preacher, Volume 1: Gone to Texas",43292
15791373,34646,"The Centurions (The Centurions, #1)",36027
15800215,32549,A Time to Kill / The King of Torts,41240
15750056,3666,Decadent,25871
15733973,91542,Wandering Ghost: The Odyssey of Lafcadio Hearn,28346
15576219,19625,This Is Not Chick Lit: Original Stories by America's Best Women Writers,33221
15729908,44718,The Leadership Challenge Card: Side A: The Ten Commitments of Leadership; Side B: The Five Practices of Exemplary Leadership,40731
15768293,78342,"The Numerology of the I Ching: A Sourcebook of Symbols, Structures, and Traditional Wisdom",49246
15575694,840,The Design of Everyday Things,38233
15579212,18680,Meeting God at Every Turn,44059
15662901,36027,"Atlantis and the Kingdom of the Neanderthals: 100,000 Years of Lost History",20025
15627220,39328,Real Estate Principles for License Preparation for the Ets Exam,15091
15732987,4536,Up from Jericho Tel,34946
15779529,93975,"African Intimacies: Race, Homosexuality, and Globalization",18525
15709183,34419,Inamorata: An Anthology,46556
15688172,40533,Superman: Time and Time Again,24100
15764195,7988,Redwall Friend and Foe: The Guide to Redwall's Heroes and Villains,37659
15665416,21163,"Virtue, Vice, and Personality: The Complexity of Behavior",23748
15727311,15022,The Art of Civilized Conversation: A Guide to Expressing Yourself with Style and Grace,44921
15747097,79628,Favorite Greek Myths,20145
15593715,72547,Freedom Road: Adult Education of African Americans,36751
15768816,20079,The Kilternan Legacy,18091
15767871,88047,The Language of Blood,14325
15766609,85288,Play the French,20206
15709441,94550,Loser Take All: The Comic Art of Woody Allen,28894
15735549,97643,A Tree Is Nice,12563
15721007,99383,"Blood Rites (The Dresden Files, #6)",37135
15814004,79930,That They May Face The Rising Sun,17652
15619407,49029,The Complete Book of Questions: 1001 Conversation Starters for Any Occasion,30388
15779862,27006,"Chop Shop (Bug Man, #2)",18601
15600575,27842,Data Structures and Algorithms in Java,48898
15611430,64664,Uncle Tungsten,40613
15684801,86300,Amantes y Sabuesos,31117
15573452,65665,War of the Dragon Queen (Dungeons & Dragons Miniatures Product),12664
15683758,27279,Living in a Glass House: Surviving the Scrutiny of Ministry and Marriage,38293
15603942,2781,Immigrant Acts: On Asian American Cultural Politics,23562
15610801,46804,Cut to the Chase: and 99 Other Rules to Liberate Yourself and Gain Back the Gift of Time,47524
15622171,48974,I Am the Cheese,36354
15762605,78471,"Flesh & Blood (Frank Elder, #1)",20350
15734312,85049,"Architecture and Patterns for It Service Management, Resource Planning, and Governance: Making Shoes for the Cobbler's Children",49351
15673367,33318,"The Truth about Boys (Full House: Stephanie, #20)",33911
15709183,18732,"Biblical Meditations for Ordinary Time: Part III, Weeks 23 to 34",10902
15629885,13397,"Checkmate (Tom Clancy's Splinter Cell, #3)",19488
15595917,89491,The Modern Middle East: A Political History since the First World War,10869
15598070,56805,Grave Undertakings,48507
15814816,14464,Carrie Underwood (Blue Banner Biographies),18105
15697574,39517,Architecture and the Text: The (S)crypts of Joyce and Piranesi,31469
15690188,75247,Suicidio O Renacimiento: Metrópoli Y Naturaleza,28751
15697424,24278,David Ireland: Skellig,46749
15794566,89704,Babe in Toyland,11274
15576219,1808,Correctional Case Management,35782
15697997,90422,Progressive Education Movement: Is It Still a Factor in Today's Schools?,33220
15617877,44147,The Man Who Watched Trains Go By,32623
15766289,92719,"The Pearl of the Soul of the World (Darkangel Trilogy, #3)",32223
15729054,49866,Hot Off the Net: Erotica and Other Sex Writings from the Internet,31453
15595324,87386,Unresolved Issues and New Challenges to the Law of the Sea: Time Before and Time After,11301
15694879,29687,The Resurrection Narratives: A Redactional Study,45508
15807525,18415,Tinkering Toward Utopia: A Century of Public School Reform,45025
15779581,37483,Hitching Rides with Buddha,38412
15706185,41106,Wonders of the African World,42423
15689237,82165,"Tips, Tools, and Timesavers for Science Success",27105
15764419,54089,"Nohow On: Company, Ill Seen Ill Said, Worstward Ho",14719
15745232,2840,Scholastic Bookfiles: Bridge To Terabithia By Katherine Paterson,19081
15716781,1785,The Best of the Achaeans: Concepts of the Hero in Archaic Greek Poetry,25048
15717560,15407,"The Lord of the Rings Millennium Edition Boxed Set (The Lord of the Rings, #1-3)",28739
15729908,90667,The Voice of the Poet: William Carlos Williams (The Voice of the Poet),34586
15611191,87145,Global Responsibility: In Search of a New World Ethic,16148
15800515,87662,Fair Trade for All: How Trade Can Promote Development,47522
15609637,24368,The Official SAT Subject Tests in U.S. & World History Study Guide,18769
15715541,85862,"Times Square Red, Times Square Blue",13974
15623502,4611,Coping with Depression: From Catch-22 to Hope,47592
15792008,30364,Send No Flowers (Bed & Breakfast #2),45479
15710257,13253,How To Make Money with Digital Photography,14152
15603942,33784,Ruskin's Rose: A Venetian Love Story,42321
15809347,44875,Code Craft: The Practice of Writing Excellent Code,19219
15636023,53100,Selected Poems of Gunnar Ekelöf,18462
15593715,56832,Los tontos mueren,38636
15813113,75466,Patty Hearst: Her Own Story,26576
15776844,24044,"The Search (Kidnapped, #2)",28227
15593014,43636,Atlantic Shift,33213
15577178,47313,Dragon Ladies: Asian American Feminists Breathe Fire,10948
15581198,43725,"NextWave: Agents of H.A.T.E., Vol. 1: This is What They Want",19392
15694395,33146,Kicks,41347
15579212,73453,Poe: Illustrated Tales of Mystery and Imagination,39956
15596761,27680,The Complete Poetical Works of James Russell Lowell,12551
15775562,48136,The Best of Gerald Durrell,32884
15738448,85283,Petroff's Defense (Tournament),44869
15706071,54166,Beyond Belief to Convictions,19640
15724161,91989,"Black Powder War (Temeraire, #3)",31359
15627220,46907,フルーツバスケット 3,39733
